"config_id","cluster","n_cells","UMAP_1","UMAP_2"
"dims01_30_nn30_md04","C1",1679,6.96279884544888,-2.22518173031079
"dims01_30_nn30_md04","C10",343,1.82434714413016,3.2231631558343
"dims01_30_nn30_md04","C11",726,6.37833999220628,5.39145280618136
"dims01_30_nn30_md04","C12",3417,-6.14170169648775,-1.19448228338972
"dims01_30_nn30_md04","C13",2305,-5.25043550816403,-1.56340194518131
"dims01_30_nn30_md04","C14",708,-3.53724105376685,0.034234011253699
"dims01_30_nn30_md04","C15",5609,-4.74084127101375,-0.79526635387231
"dims01_30_nn30_md04","C16",2776,-2.96196421391634,-1.0133329072437
"dims01_30_nn30_md04","C17",1362,2.96397161794166,3.39965531807701
"dims01_30_nn30_md04","C18",1357,0.957871999121004,-0.0672832173941142
"dims01_30_nn30_md04","C19",529,-0.387925836740057,-0.0111160962246582
"dims01_30_nn30_md04","C2",1269,9.98096231342303,-3.56073990780387
"dims01_30_nn30_md04","C20",692,1.05014806193843,-1.09931971040091
"dims01_30_nn30_md04","C21",1679,3.47357957969578,-0.586984375365428
"dims01_30_nn30_md04","C3",1621,9.48483729909652,-3.22693488006479
"dims01_30_nn30_md04","C4",1376,4.62347783291044,7.22521534117559
"dims01_30_nn30_md04","C5",414,5.31398778457353,8.31577548629676
"dims01_30_nn30_md04","C6",256,5.71626730234885,7.69145459229617
"dims01_30_nn30_md04","C7",386,5.37352529416282,8.23312442051746
"dims01_30_nn30_md04","C8",113,4.03483745068876,5.44275799418309
"dims01_30_nn30_md04","C9",245,4.78820095764141,5.98719792605925
"dims02_30_nn30_md04","C1",1679,7.16768355368773,-1.47656953484441
"dims02_30_nn30_md04","C10",343,0.192228790987678,1.9284748475537
"dims02_30_nn30_md04","C11",726,6.20257155844121,6.71368730750626
"dims02_30_nn30_md04","C12",3417,-5.97360712292907,-1.84076807672935
"dims02_30_nn30_md04","C13",2305,-5.05181109205181,-2.14232033887452
"dims02_30_nn30_md04","C14",708,-3.59342505089495,-0.429068164284927
"dims02_30_nn30_md04","C15",5609,-4.63243456471808,-1.32807922081891
"dims02_30_nn30_md04","C16",2776,-2.85071757988555,-1.38441531821154
"dims02_30_nn30_md04","C17",1362,2.68265079666439,3.84218029792127
"dims02_30_nn30_md04","C18",1357,0.973317610207633,0.0781353001847566
"dims02_30_nn30_md04","C19",529,-0.364032827134297,-0.0832592185749587
"dims02_30_nn30_md04","C2",1269,10.205606445965,-2.84920162301392
"dims02_30_nn30_md04","C20",692,1.24043114677495,-0.958848488597194
"dims02_30_nn30_md04","C21",1679,3.55183766940752,-0.0640568667683526
"dims02_30_nn30_md04","C3",1621,9.71783844074039,-2.48553650727005
"dims02_30_nn30_md04","C4",1376,3.95100750299149,8.0082190281378
"dims02_30_nn30_md04","C5",414,4.3984886948447,9.17005776355402
"dims02_30_nn30_md04","C6",256,4.93572348728104,8.72861550020314
"dims02_30_nn30_md04","C7",386,4.48714553567493,9.10866638790188
"dims02_30_nn30_md04","C8",113,3.11701477970256,5.93164581193231
"dims02_30_nn30_md04","C9",245,4.00391914823694,6.74242402459318
"dims01_20_nn30_md04","C1",1679,6.77232204954451,-3.20664798993588
"dims01_20_nn30_md04","C10",343,0.389137100317212,2.27916463499267
"dims01_20_nn30_md04","C11",726,5.91301059682744,6.0718321377915
"dims01_20_nn30_md04","C12",3417,-5.9481405388096,-0.716014453290228
"dims01_20_nn30_md04","C13",2305,-5.07216820617159,-1.08026133404893
"dims01_20_nn30_md04","C14",708,-3.38237389859449,0.545838245666482
"dims01_20_nn30_md04","C15",5609,-4.47475116821217,-0.355710380561966
"dims01_20_nn30_md04","C16",2776,-2.67136406232273,-0.629696350313338
"dims01_20_nn30_md04","C17",1362,2.66492024504157,3.39967617049551
"dims01_20_nn30_md04","C18",1357,1.4312410305615,-0.014803295315326
"dims01_20_nn30_md04","C19",529,0.0111044064925686,0.212113016062157
"dims01_20_nn30_md04","C2",1269,9.1234495322037,-5.46206990157484
"dims01_20_nn30_md04","C20",692,1.49995365201241,-1.06913155515776
"dims01_20_nn30_md04","C21",1679,3.8020218620162,-0.746262837843195
"dims01_20_nn30_md04","C3",1621,8.85933464995674,-5.09403960686662
"dims01_20_nn30_md04","C4",1376,4.12426779925751,7.33714665986608
"dims01_20_nn30_md04","C5",414,4.71119366125617,8.47560179210098
"dims01_20_nn30_md04","C6",256,5.19914224932028,7.87546569073475
"dims01_20_nn30_md04","C7",386,4.79290952734214,8.40321909894765
"dims01_20_nn30_md04","C8",113,3.39671780147853,5.4869653941766
"dims01_20_nn30_md04","C9",245,4.0824965018743,5.96728170019514
"dims01_40_nn30_md04","C1",1679,5.53446346312001,-6.25855228765138
"dims01_40_nn30_md04","C10",343,-9.00646188047573,-2.53054089956749
"dims01_40_nn30_md04","C11",726,-10.5184404979358,-3.24379103952353
"dims01_40_nn30_md04","C12",3417,1.70485428643839,6.25193600195205
"dims01_40_nn30_md04","C13",2305,3.58378855509047,5.19633110028148
"dims01_40_nn30_md04","C14",708,-4.63428814297536,2.19966869475952
"dims01_40_nn30_md04","C15",5609,-1.89271991275231,4.71583937255422
"dims01_40_nn30_md04","C16",2776,-3.19449724168981,2.07932902592423
"dims01_40_nn30_md04","C17",1362,-1.73561183684762,-5.12525149052577
"dims01_40_nn30_md04","C18",1357,2.05936512137721,1.62788138550032
"dims01_40_nn30_md04","C19",529,-0.424610097855154,1.22113169659707
"dims01_40_nn30_md04","C2",1269,8.6017307581308,-10.3655416231574
"dims01_40_nn30_md04","C20",692,0.805797821291243,-0.451238537200283
"dims01_40_nn30_md04","C21",1679,1.70429730566513,-3.11159304795341
"dims01_40_nn30_md04","C3",1621,9.20800828025851,-7.29166475161592
"dims01_40_nn30_md04","C4",1376,-5.7786524571502,-7.48491586012278
"dims01_40_nn30_md04","C5",414,-7.60413156647633,-7.72100183794871
"dims01_40_nn30_md04","C6",256,-7.99627171233532,-7.01530558052353
"dims01_40_nn30_md04","C7",386,-7.5052608177128,-7.6529422227414
"dims01_40_nn30_md04","C8",113,-8.14992006631656,-4.14308315484369
"dims01_40_nn30_md04","C9",245,-9.75510727980847,-0.164630349814573
"dims01_30_nn15_md04","C1",1679,-7.22669163564325,2.20442824500393
"dims01_30_nn15_md04","C10",343,-1.06637333428955,-3.2352387728233
"dims01_30_nn15_md04","C11",726,-5.57659220382094,-6.47602095061028
"dims01_30_nn15_md04","C12",3417,6.00267700674342,1.64217675022808
"dims01_30_nn15_md04","C13",2305,5.04227628063424,1.91711560842595
"dims01_30_nn15_md04","C14",708,3.43867201200119,0.0644971959812331
"dims01_30_nn15_md04","C15",5609,4.57944972131042,1.07742718903777
"dims01_30_nn15_md04","C16",2776,2.73171941369631,1.10434987680073
"dims01_30_nn15_md04","C17",1362,-2.50331035624908,-3.81712388103085
"dims01_30_nn15_md04","C18",1357,-1.19335371313749,-0.0779645289607548
"dims01_30_nn15_md04","C19",529,0.229186486199313,-0.100390233981505
"dims01_30_nn15_md04","C2",1269,-10.3535935982265,3.64584090296156
"dims01_30_nn15_md04","C20",692,-1.24762323111666,1.02387557719525
"dims01_30_nn15_md04","C21",1679,-3.71524097088074,0.402353156158303
"dims01_30_nn15_md04","C3",1621,-9.8363777689657,3.29310228199284
"dims01_30_nn15_md04","C4",1376,-3.40302789654051,-8.04033607528248
"dims01_30_nn15_md04","C5",414,-3.86037090445479,-9.30857346732818
"dims01_30_nn15_md04","C6",256,-4.39050918341971,-8.7884232925882
"dims01_30_nn15_md04","C7",386,-3.93235828892762,-9.23854637567829
"dims01_30_nn15_md04","C8",113,-3.11969400087654,-6.0814258976844
"dims01_30_nn15_md04","C9",245,-3.76348453748359,-6.71601308481614
"dims01_30_nn50_md04","C1",1679,6.68457726206149,-2.55401344316798
"dims01_30_nn50_md04","C10",343,1.73238346539681,2.61416855746446
"dims01_30_nn50_md04","C11",726,6.35899701523463,4.46098025265156
"dims01_30_nn50_md04","C12",3417,-6.0625115922877,-0.669549342990823
"dims01_30_nn50_md04","C13",2305,-5.20203635758377,-1.07170987874881
"dims01_30_nn50_md04","C14",708,-3.4467900215046,0.348789175594006
"dims01_30_nn50_md04","C15",5609,-4.68515915114872,-0.369818364977419
"dims01_30_nn50_md04","C16",2776,-2.9476950515164,-0.708134222595287
"dims01_30_nn50_md04","C17",1362,3.00069801642505,3.10859829090815
"dims01_30_nn50_md04","C18",1357,0.953237965284194,-0.158826165919473
"dims01_30_nn50_md04","C19",529,-0.366724405240417,0.0110170487547215
"dims01_30_nn50_md04","C2",1269,9.42848934754184,-4.33801869465189
"dims01_30_nn50_md04","C20",692,0.981067197167378,-1.14201633876544
"dims01_30_nn50_md04","C21",1679,3.357071588981,-0.765384176706467
"dims01_30_nn50_md04","C3",1621,9.04766206424988,-3.90477215656416
"dims01_30_nn50_md04","C4",1376,5.06972627948831,6.59381553412417
"dims01_30_nn50_md04","C5",414,5.93385808564733,7.48760202570823
"dims01_30_nn50_md04","C6",256,6.21550318456441,6.81023505285313
"dims01_30_nn50_md04","C7",386,5.98265668178033,7.393759305504
"dims01_30_nn50_md04","C8",113,4.23626771023098,4.7559922907276
"dims01_30_nn50_md04","C9",245,5.01866269509874,5.2329660382888
"dims01_30_nn30_md02","C1",1679,6.35731755715743,-2.39447880775288
"dims01_30_nn30_md02","C10",343,2.90334784993255,4.10133328208411
"dims01_30_nn30_md02","C11",726,6.59570172324937,5.59442830483242
"dims01_30_nn30_md02","C12",3417,-5.73524966245841,-1.08382594951434
"dims01_30_nn30_md02","C13",2305,-4.987294472641,-1.3249210306138
"dims01_30_nn30_md02","C14",708,-3.52304799582424,0.0815841209722805
"dims01_30_nn30_md02","C15",5609,-4.54826093360312,-0.672294788457669
"dims01_30_nn30_md02","C16",2776,-2.99788676034794,-0.75896401854547
"dims01_30_nn30_md02","C17",1362,3.41522314131508,3.25865302835268
"dims01_30_nn30_md02","C18",1357,0.918212895142042,-0.0207445790383887
"dims01_30_nn30_md02","C19",529,-0.363546085398518,0.0114846133051196
"dims01_30_nn30_md02","C2",1269,8.59478241914207,-4.21240703807246
"dims01_30_nn30_md02","C20",692,0.951044721313818,-0.844034347829334
"dims01_30_nn30_md02","C21",1679,3.25596342565738,-0.533308360703007
"dims01_30_nn30_md02","C3",1621,8.33673987854642,-3.83867955406603
"dims01_30_nn30_md02","C4",1376,5.07607710445351,6.89650892466611
"dims01_30_nn30_md02","C5",414,5.50976226477976,7.81689807513204
"dims01_30_nn30_md02","C6",256,5.8220771573814,7.39203752103826
"dims01_30_nn30_md02","C7",386,5.56072328046678,7.76779925523572
"dims01_30_nn30_md02","C8",113,4.59455894012238,5.64935446825443
"dims01_30_nn30_md02","C9",245,5.26486790350004,6.14631376208579
"dims01_30_nn30_md08","C1",1679,7.70548652371915,-3.6276280168173
"dims01_30_nn30_md08","C10",343,1.08497311755867,3.06656050394399
"dims01_30_nn30_md08","C11",726,6.552385811242,6.06896720232428
"dims01_30_nn30_md08","C12",3417,-6.93160741623538,-1.03038473193882
"dims01_30_nn30_md08","C13",2305,-5.75528907605871,-1.59687550985302
"dims01_30_nn30_md08","C14",708,-3.60328858769756,0.425524701137274
"dims01_30_nn30_md08","C15",5609,-5.14787969072577,-0.583965085793519
"dims01_30_nn30_md08","C16",2776,-2.90413795917081,-1.01098400634684
"dims01_30_nn30_md08","C17",1362,2.35871497695532,4.30414469377404
"dims01_30_nn30_md08","C18",1357,1.48373246769757,0.262812041918146
"dims01_30_nn30_md08","C19",529,-0.0881108778097525,0.320391205964823
"dims01_30_nn30_md08","C2",1269,11.4573104305168,-5.61246883813449
"dims01_30_nn30_md08","C20",692,1.36047901952425,-1.30130578622994
"dims01_30_nn30_md08","C21",1679,4.17822808253597,-0.762432707695271
"dims01_30_nn30_md08","C3",1621,10.7294057114196,-5.12093358429188
"dims01_30_nn30_md08","C4",1376,4.22277753249594,8.8528671887652
"dims01_30_nn30_md08","C5",414,5.58500193781954,10.0805452031436
"dims01_30_nn30_md08","C6",256,6.00175280160339,8.96462663279247
"dims01_30_nn30_md08","C7",386,5.66432678941933,9.93355314433815
"dims01_30_nn30_md08","C8",113,3.51801811164553,6.13594832378986
"dims01_30_nn30_md08","C9",245,4.33104028144787,6.74758103385538
