"cluster","module","GeneExpressionMatrix_mean_score","n_markers_used"
"C1","Rod",0.549101955314219,9
"C10","Rod",0.0589106385399109,9
"C11","Rod",0.0225760397355161,9
"C12","Rod",0.0195383171182996,9
"C13","Rod",0.0199722398117165,9
"C14","Rod",0.0477033318567467,9
"C15","Rod",0.0209567998542691,9
"C16","Rod",0.027077115086187,9
"C17","Rod",0.022279544069698,9
"C18","Rod",0.0450140370355799,9
"C19","Rod",0.0241158443108984,9
"C2","Rod",0.349379261329836,9
"C20","Rod",0.163472085133451,9
"C21","Rod",0.0430838139911274,9
"C3","Rod",2.937413694078,9
"C4","Rod",0.0193888305110861,9
"C5","Rod",0.0158700759157471,9
"C6","Rod",0.0217421386750752,9
"C7","Rod",0.0217358734263938,9
"C8","Rod",0.0431404016306485,9
"C9","Rod",0.0465452513760642,9
"C1","Cone",0.0947584461966043,6
"C10","Cone",0.0553692212523045,6
"C11","Cone",0.0126533669686265,6
"C12","Cone",0.0124340829731086,6
"C13","Cone",0.0149229516531997,6
"C14","Cone",0.0357594630620475,6
"C15","Cone",0.0158779710524485,6
"C16","Cone",0.0152736232880387,6
"C17","Cone",0.0128254398281439,6
"C18","Cone",0.0153902803199795,6
"C19","Cone",0.0186511067473515,6
"C2","Cone",2.69327813944846,6
"C20","Cone",0.032035992746938,6
"C21","Cone",0.0193383859987377,6
"C3","Cone",0.300890657817553,6
"C4","Cone",0.0133115016592425,6
"C5","Cone",0.0202983746430575,6
"C6","Cone",0.0153865617012274,6
"C7","Cone",0.01795855460853,6
"C8","Cone",0.023176430837206,6
"C9","Cone",0.0225576957112997,6
"C1","BC",2.8999390457203,17
"C10","BC",2.43816273733369,17
"C11","BC",2.74532599361426,17
"C12","BC",0.554134432702556,17
"C13","BC",0.550897789597877,17
"C14","BC",0.298807823209157,17
"C15","BC",0.616924866715446,17
"C16","BC",0.616168057444778,17
"C17","BC",10.4209954301329,17
"C18","BC",0.555165871630189,17
"C19","BC",0.572078213259922,17
"C2","BC",7.08787654090295,17
"C20","BC",1.37803130050154,17
"C21","BC",1.13611612376938,17
"C3","BC",4.08720629438939,17
"C4","BC",9.69159025353032,17
"C5","BC",8.45486895831618,17
"C6","BC",10.1660687134517,17
"C7","BC",7.03501776992966,17
"C8","BC",7.95526072133261,17
"C9","BC",6.80775950650525,17
"C1","AC",0.976992722469241,12
"C10","AC",4.54366438147972,12
"C11","AC",5.60380731055434,12
"C12","AC",1.46543705154585,12
"C13","AC",1.33479935920639,12
"C14","AC",0.849252045925178,12
"C15","AC",1.33339338141254,12
"C16","AC",1.0292249741982,12
"C17","AC",4.06014872339601,12
"C18","AC",0.900539560941656,12
"C19","AC",0.895708844659073,12
"C2","AC",0.257279233498937,12
"C20","AC",1.01735070359171,12
"C21","AC",0.714469306034138,12
"C3","AC",0.69954332148681,12
"C4","AC",6.18011258959104,12
"C5","AC",7.82133221948187,12
"C6","AC",9.29157818757167,12
"C7","AC",10.3671371735771,12
"C8","AC",3.52279397490105,12
"C9","AC",4.63320971781263,12
"C1","MG",0.364384427367202,11
"C10","MG",0.845409268439657,11
"C11","MG",0.667436289693521,11
"C12","MG",1.45349060766047,11
"C13","MG",1.36817550108831,11
"C14","MG",1.13502756155632,11
"C15","MG",1.42240183700435,11
"C16","MG",1.10492026079255,11
"C17","MG",0.768007279872732,11
"C18","MG",0.853861397123608,11
"C19","MG",0.817672201656767,11
"C2","MG",0.654578519535445,11
"C20","MG",0.856612661456067,11
"C21","MG",0.445280800949519,11
"C3","MG",0.338378702038511,11
"C4","MG",0.90302233127925,11
"C5","MG",0.634232360642369,11
"C6","MG",1.00593481141475,11
"C7","MG",0.525132280646267,11
"C8","MG",0.310129302066916,11
"C9","MG",0.587555494949133,11
"C1","HC",0.84875594291253,6
"C10","HC",0.31067993958955,6
"C11","HC",0.29612441534087,6
"C12","HC",0.0688300120688879,6
"C13","HC",0.0656791634241891,6
"C14","HC",0.0721526881498521,6
"C15","HC",0.077879132209936,6
"C16","HC",0.0778040218360594,6
"C17","HC",0.643874876044461,6
"C18","HC",0.38955793185747,6
"C19","HC",0.187879287628007,6
"C2","HC",0.30614088439742,6
"C20","HC",0.382853771301734,6
"C21","HC",0.555799593177826,6
"C3","HC",0.358819803334737,6
"C4","HC",0.395173821960076,6
"C5","HC",0.489303022181968,6
"C6","HC",0.250256573511525,6
"C7","HC",0.278934521020234,6
"C8","HC",3.03481403579874,6
"C9","HC",0.227511208880892,6
"C1","RGC",0.267640818708156,7
"C10","RGC",4.47905403872829,7
"C11","RGC",5.74359404366937,7
"C12","RGC",0.254087996127559,7
"C13","RGC",0.229292869878686,7
"C14","RGC",0.731853463420634,7
"C15","RGC",0.253663078923974,7
"C16","RGC",0.262423415211908,7
"C17","RGC",0.442205731332482,7
"C18","RGC",0.27387439411096,7
"C19","RGC",0.282083309378645,7
"C2","RGC",0.237153811852485,7
"C20","RGC",0.20444045190147,7
"C21","RGC",0.312739598524429,7
"C3","RGC",0.296689359975231,7
"C4","RGC",0.736568341721944,7
"C5","RGC",0.606544315105297,7
"C6","RGC",0.667028437487926,7
"C7","RGC",0.54497925731394,7
"C8","RGC",1.5635310208757,7
"C9","RGC",0.751823269212214,7
"C1","RPE",0.0359477400596521,5
"C10","RPE",0.0199772183948519,5
"C11","RPE",0.0153986715179273,5
"C12","RPE",0.0152719079075287,5
"C13","RPE",0.0168475818442173,5
"C14","RPE",0.0345722783412226,5
"C15","RPE",0.0167430972379,5
"C16","RPE",0.0277713208400511,5
"C17","RPE",0.0161617624843236,5
"C18","RPE",0.0204156270145044,5
"C19","RPE",0.0198700458509273,5
"C2","RPE",0.0374242531493494,5
"C20","RPE",0.0239397777281796,5
"C21","RPE",0.0278793153347114,5
"C3","RPE",0.0410941822680845,5
"C4","RPE",0.00944362210449022,5
"C5","RPE",0.00932376886949802,5
"C6","RPE",0.00578805562156861,5
"C7","RPE",0.0037927193060809,5
"C8","RPE",0.00235016797825625,5
"C9","RPE",0.0132502903122147,5
"C1","Astrocyte",0.0533870210156761,6
"C10","Astrocyte",0.0824932878554482,6
"C11","Astrocyte",0.0701766421783984,6
"C12","Astrocyte",0.102087200263717,6
"C13","Astrocyte",0.115348711927169,6
"C14","Astrocyte",0.219746586414923,6
"C15","Astrocyte",0.143168823189961,6
"C16","Astrocyte",0.155888612472072,6
"C17","Astrocyte",0.160605691199514,6
"C18","Astrocyte",0.0987207202467617,6
"C19","Astrocyte",0.137615633259492,6
"C2","Astrocyte",0.0607058824017173,6
"C20","Astrocyte",0.123649579952848,6
"C21","Astrocyte",0.124669166930642,6
"C3","Astrocyte",0.0358602667816161,6
"C4","Astrocyte",0.140213973154498,6
"C5","Astrocyte",0.0916881570211629,6
"C6","Astrocyte",0.0869938305172147,6
"C7","Astrocyte",0.120454524703038,6
"C8","Astrocyte",0.125873873285504,6
"C9","Astrocyte",0.0726732100684356,6
"C1","Microglia",0.153250457753861,4
"C10","Microglia",0.299677110130193,4
"C11","Microglia",0.331869303446561,4
"C12","Microglia",0.182628298893543,4
"C13","Microglia",0.161292807100817,4
"C14","Microglia",0.341817563307712,4
"C15","Microglia",0.225998764979297,4
"C16","Microglia",0.203245568621255,4
"C17","Microglia",0.153572274930271,4
"C18","Microglia",0.144559862774396,4
"C19","Microglia",0.145316358170316,4
"C2","Microglia",0.206554544562039,4
"C20","Microglia",0.178788099325012,4
"C21","Microglia",0.176349728989834,4
"C3","Microglia",0.147578909968943,4
"C4","Microglia",0.145867286372804,4
"C5","Microglia",0.214552999985457,4
"C6","Microglia",0.189137199099146,4
"C7","Microglia",0.212751473828094,4
"C8","Microglia",0.303515579901279,4
"C9","Microglia",0.205702237780813,4
"C1","Endothelial",0.0252312478339783,5
"C10","Endothelial",0.0349264099003364,5
"C11","Endothelial",0.0197732578105417,5
"C12","Endothelial",0.0432975792788575,5
"C13","Endothelial",0.0338228027613234,5
"C14","Endothelial",0.0363642631264776,5
"C15","Endothelial",0.0634595489230964,5
"C16","Endothelial",0.0558779587758917,5
"C17","Endothelial",0.670037081441653,5
"C18","Endothelial",0.031842155645204,5
"C19","Endothelial",0.0686222554478471,5
"C2","Endothelial",0.0172310502565918,5
"C20","Endothelial",0.0373189451367165,5
"C21","Endothelial",0.06417463194948,5
"C3","Endothelial",0.0475354099053697,5
"C4","Endothelial",0.0267064938661637,5
"C5","Endothelial",0.0222633447590944,5
"C6","Endothelial",0.00749942404653522,5
"C7","Endothelial",0.0585650789830108,5
"C8","Endothelial",0.0250261111408771,5
"C9","Endothelial",0.0111059418698696,5
"C1","Pericyte",0.00207156444923553,3
"C10","Pericyte",0.00362004994497814,3
"C11","Pericyte",0.0023268589599172,3
"C12","Pericyte",0.0127014395597809,3
"C13","Pericyte",0.0117571813540153,3
"C14","Pericyte",0.0233313818912521,3
"C15","Pericyte",0.015900252806689,3
"C16","Pericyte",0.018656320357649,3
"C17","Pericyte",0.0186113421757206,3
"C18","Pericyte",0.0172765852766193,3
"C19","Pericyte",0.0242758553557901,3
"C2","Pericyte",0.00297653822998146,3
"C20","Pericyte",0.015951498604469,3
"C21","Pericyte",0.0078792572150255,3
"C3","Pericyte",0.00129825779832466,3
"C4","Pericyte",0.00424081400371979,3
"C5","Pericyte",0.00376437468661893,3
"C6","Pericyte",0.0513049599111033,3
"C7","Pericyte",0.00186473301312138,3
"C8","Pericyte",0.0066578575740427,3
"C9","Pericyte",0.00421321672409421,3
"C1","Activated_MG",0.118223984540915,8
"C10","Activated_MG",0.120160215521195,8
"C11","Activated_MG",0.110598903972083,8
"C12","Activated_MG",0.0908486559788682,8
"C13","Activated_MG",0.103030204146503,8
"C14","Activated_MG",0.187271261612715,8
"C15","Activated_MG",0.112110618193999,8
"C16","Activated_MG",0.108044354096977,8
"C17","Activated_MG",0.117009953049653,8
"C18","Activated_MG",0.106441975855169,8
"C19","Activated_MG",0.0802346058482322,8
"C2","Activated_MG",0.224418212408417,8
"C20","Activated_MG",0.134956730433772,8
"C21","Activated_MG",0.18113378801763,8
"C3","Activated_MG",0.0967898228665695,8
"C4","Activated_MG",0.0957129361460463,8
"C5","Activated_MG",0.0744663554331404,8
"C6","Activated_MG",0.0751691940126147,8
"C7","Activated_MG",0.0796709706463962,8
"C8","Activated_MG",0.117460489695844,8
"C9","Activated_MG",0.0765034476268348,8
"C1","Proliferation",0.344378699756127,5
"C10","Proliferation",0.84369398885604,5
"C11","Proliferation",0.296280116212243,5
"C12","Proliferation",4.52253017517237,5
"C13","Proliferation",5.59361199139668,5
"C14","Proliferation",2.32291444941614,5
"C15","Proliferation",1.86566416576908,5
"C16","Proliferation",0.875239668430436,5
"C17","Proliferation",0.388700740025254,5
"C18","Proliferation",4.67720670413501,5
"C19","Proliferation",2.22562369339529,5
"C2","Proliferation",0.469508392059964,5
"C20","Proliferation",1.09710058433248,5
"C21","Proliferation",0.612709215566169,5
"C3","Proliferation",0.348533109847584,5
"C4","Proliferation",0.335172715567195,5
"C5","Proliferation",0.351410675926888,5
"C6","Proliferation",0.325751794252049,5
"C7","Proliferation",0.323394022650107,5
"C8","Proliferation",0.806527987486447,5
"C9","Proliferation",0.474144451415502,5
"C1","Neurogenic_TF",3.54757400533732,9
"C10","Neurogenic_TF",0.326689998870375,9
"C11","Neurogenic_TF",0.116792006860138,9
"C12","Neurogenic_TF",0.24917605001382,9
"C13","Neurogenic_TF",0.265627876589414,9
"C14","Neurogenic_TF",0.372399944953544,9
"C15","Neurogenic_TF",0.171273312293152,9
"C16","Neurogenic_TF",0.344519670352984,9
"C17","Neurogenic_TF",0.401551052621703,9
"C18","Neurogenic_TF",2.02851766398815,9
"C19","Neurogenic_TF",1.4755329184353,9
"C2","Neurogenic_TF",2.17783602426715,9
"C20","Neurogenic_TF",1.7393533774233,9
"C21","Neurogenic_TF",2.90961671771839,9
"C3","Neurogenic_TF",2.65061668861834,9
"C4","Neurogenic_TF",0.183004185856269,9
"C5","Neurogenic_TF",0.121013851408232,9
"C6","Neurogenic_TF",0.164191108078651,9
"C7","Neurogenic_TF",0.102430895359484,9
"C8","Neurogenic_TF",0.228801478536608,9
"C9","Neurogenic_TF",0.476273044708036,9
"C1","Neurogenic_Progenitor",3.07684009564834,15
"C10","Neurogenic_Progenitor",0.44477529680542,15
"C11","Neurogenic_Progenitor",0.132792383601291,15
"C12","Neurogenic_Progenitor",0.814571625594319,15
"C13","Neurogenic_Progenitor",0.918262764158755,15
"C14","Neurogenic_Progenitor",1.13846993122531,15
"C15","Neurogenic_Progenitor",0.776413846077931,15
"C16","Neurogenic_Progenitor",0.951069556609845,15
"C17","Neurogenic_Progenitor",0.536930491040796,15
"C18","Neurogenic_Progenitor",1.81850766692923,15
"C19","Neurogenic_Progenitor",1.30868398674137,15
"C2","Neurogenic_Progenitor",2.35094543516685,15
"C20","Neurogenic_Progenitor",1.86875791561729,15
"C21","Neurogenic_Progenitor",2.50104666927504,15
"C3","Neurogenic_Progenitor",2.60445788239249,15
"C4","Neurogenic_Progenitor",0.218205298679486,15
"C5","Neurogenic_Progenitor",0.141991126384534,15
"C6","Neurogenic_Progenitor",0.172978476658029,15
"C7","Neurogenic_Progenitor",0.126228746097178,15
"C8","Neurogenic_Progenitor",0.28865080787733,15
"C9","Neurogenic_Progenitor",0.61241480231225,15
"C1","Stress_Response",0.0595712561821363,7
"C10","Stress_Response",0.103392293322285,7
"C11","Stress_Response",0.098749545173802,7
"C12","Stress_Response",0.114116710874728,7
"C13","Stress_Response",0.0754275839815714,7
"C14","Stress_Response",0.10626664135404,7
"C15","Stress_Response",0.108181740914301,7
"C16","Stress_Response",0.0770693004970091,7
"C17","Stress_Response",0.0422093367594548,7
"C18","Stress_Response",0.0816487580036205,7
"C19","Stress_Response",0.090819427571422,7
"C2","Stress_Response",0.0700467277106224,7
"C20","Stress_Response",0.0815194815609002,7
"C21","Stress_Response",0.0996050824052982,7
"C3","Stress_Response",0.0600171231093131,7
"C4","Stress_Response",0.0330203030105338,7
"C5","Stress_Response",0.0558780016111403,7
"C6","Stress_Response",0.0507833093873432,7
"C7","Stress_Response",0.0389313619266699,7
"C8","Stress_Response",0.12472823635927,7
"C9","Stress_Response",0.0485765159208201,7
"C1","Low_Quality_Diagnostic",427.723803758401,1
"C10","Low_Quality_Diagnostic",255.409165572664,1
"C11","Low_Quality_Diagnostic",274.69720558392,1
"C12","Low_Quality_Diagnostic",215.162911346745,1
"C13","Low_Quality_Diagnostic",245.641244873462,1
"C14","Low_Quality_Diagnostic",56.1610290673076,1
"C15","Low_Quality_Diagnostic",181.873970375613,1
"C16","Low_Quality_Diagnostic",123.787003979067,1
"C17","Low_Quality_Diagnostic",230.486251581306,1
"C18","Low_Quality_Diagnostic",242.315957567936,1
"C19","Low_Quality_Diagnostic",192.163133951089,1
"C2","Low_Quality_Diagnostic",306.860556487411,1
"C20","Low_Quality_Diagnostic",253.475134835995,1
"C21","Low_Quality_Diagnostic",243.838007464679,1
"C3","Low_Quality_Diagnostic",359.093467474534,1
"C4","Low_Quality_Diagnostic",297.554561313471,1
"C5","Low_Quality_Diagnostic",257.470013426469,1
"C6","Low_Quality_Diagnostic",319.121124966439,1
"C7","Low_Quality_Diagnostic",325.972527085017,1
"C8","Low_Quality_Diagnostic",269.958639034655,1
"C9","Low_Quality_Diagnostic",270.772330364897,1
