"cluster","sample_id","n_cells","cluster_setting","reducedDims","dimsToUse","resolution"
"C1","TH1",136,"Clusters_IterativeLSI_d20_res02","IterativeLSI",20,0.2
"C2","TH1",7241,"Clusters_IterativeLSI_d20_res02","IterativeLSI",20,0.2
"C3","TH1",850,"Clusters_IterativeLSI_d20_res02","IterativeLSI",20,0.2
"C4","TH1",1853,"Clusters_IterativeLSI_d20_res02","IterativeLSI",20,0.2
"C5","TH1",1909,"Clusters_IterativeLSI_d20_res02","IterativeLSI",20,0.2
"C6","TH1",1758,"Clusters_IterativeLSI_d20_res02","IterativeLSI",20,0.2
"C1","TH2",173,"Clusters_IterativeLSI_d20_res02","IterativeLSI",20,0.2
"C2","TH2",7824,"Clusters_IterativeLSI_d20_res02","IterativeLSI",20,0.2
"C3","TH2",556,"Clusters_IterativeLSI_d20_res02","IterativeLSI",20,0.2
"C4","TH2",2163,"Clusters_IterativeLSI_d20_res02","IterativeLSI",20,0.2
"C5","TH2",1579,"Clusters_IterativeLSI_d20_res02","IterativeLSI",20,0.2
"C6","TH2",1925,"Clusters_IterativeLSI_d20_res02","IterativeLSI",20,0.2
"C1","TH1",790,"Clusters_LSI_RNA_d20_res02","LSI_RNA",20,0.2
"C10","TH1",3898,"Clusters_LSI_RNA_d20_res02","LSI_RNA",20,0.2
"C11","TH1",929,"Clusters_LSI_RNA_d20_res02","LSI_RNA",20,0.2
"C12","TH1",727,"Clusters_LSI_RNA_d20_res02","LSI_RNA",20,0.2
"C2","TH1",121,"Clusters_LSI_RNA_d20_res02","LSI_RNA",20,0.2
"C3","TH1",59,"Clusters_LSI_RNA_d20_res02","LSI_RNA",20,0.2
"C4","TH1",514,"Clusters_LSI_RNA_d20_res02","LSI_RNA",20,0.2
"C5","TH1",1366,"Clusters_LSI_RNA_d20_res02","LSI_RNA",20,0.2
"C6","TH1",1364,"Clusters_LSI_RNA_d20_res02","LSI_RNA",20,0.2
"C7","TH1",756,"Clusters_LSI_RNA_d20_res02","LSI_RNA",20,0.2
"C8","TH1",112,"Clusters_LSI_RNA_d20_res02","LSI_RNA",20,0.2
"C9","TH1",3111,"Clusters_LSI_RNA_d20_res02","LSI_RNA",20,0.2
"C1","TH2",571,"Clusters_LSI_RNA_d20_res02","LSI_RNA",20,0.2
"C10","TH2",4353,"Clusters_LSI_RNA_d20_res02","LSI_RNA",20,0.2
"C11","TH2",643,"Clusters_LSI_RNA_d20_res02","LSI_RNA",20,0.2
"C12","TH2",1252,"Clusters_LSI_RNA_d20_res02","LSI_RNA",20,0.2
"C2","TH2",76,"Clusters_LSI_RNA_d20_res02","LSI_RNA",20,0.2
"C3","TH2",28,"Clusters_LSI_RNA_d20_res02","LSI_RNA",20,0.2
"C4","TH2",355,"Clusters_LSI_RNA_d20_res02","LSI_RNA",20,0.2
"C5","TH2",1190,"Clusters_LSI_RNA_d20_res02","LSI_RNA",20,0.2
"C6","TH2",1786,"Clusters_LSI_RNA_d20_res02","LSI_RNA",20,0.2
"C7","TH2",575,"Clusters_LSI_RNA_d20_res02","LSI_RNA",20,0.2
"C8","TH2",212,"Clusters_LSI_RNA_d20_res02","LSI_RNA",20,0.2
"C9","TH2",3179,"Clusters_LSI_RNA_d20_res02","LSI_RNA",20,0.2
"C1","TH1",138,"Clusters_LSI_Combined_d20_res02","LSI_Combined",20,0.2
"C2","TH1",7237,"Clusters_LSI_Combined_d20_res02","LSI_Combined",20,0.2
"C3","TH1",1456,"Clusters_LSI_Combined_d20_res02","LSI_Combined",20,0.2
"C4","TH1",2556,"Clusters_LSI_Combined_d20_res02","LSI_Combined",20,0.2
"C5","TH1",2360,"Clusters_LSI_Combined_d20_res02","LSI_Combined",20,0.2
"C1","TH2",195,"Clusters_LSI_Combined_d20_res02","LSI_Combined",20,0.2
"C2","TH2",7801,"Clusters_LSI_Combined_d20_res02","LSI_Combined",20,0.2
"C3","TH2",1332,"Clusters_LSI_Combined_d20_res02","LSI_Combined",20,0.2
"C4","TH2",2023,"Clusters_LSI_Combined_d20_res02","LSI_Combined",20,0.2
"C5","TH2",2869,"Clusters_LSI_Combined_d20_res02","LSI_Combined",20,0.2
"C1","TH1",134,"Clusters_IterativeLSI_d30_res02","IterativeLSI",30,0.2
"C2","TH1",7247,"Clusters_IterativeLSI_d30_res02","IterativeLSI",30,0.2
"C3","TH1",852,"Clusters_IterativeLSI_d30_res02","IterativeLSI",30,0.2
"C4","TH1",1239,"Clusters_IterativeLSI_d30_res02","IterativeLSI",30,0.2
"C5","TH1",1918,"Clusters_IterativeLSI_d30_res02","IterativeLSI",30,0.2
"C6","TH1",2357,"Clusters_IterativeLSI_d30_res02","IterativeLSI",30,0.2
"C1","TH2",201,"Clusters_IterativeLSI_d30_res02","IterativeLSI",30,0.2
"C2","TH2",7790,"Clusters_IterativeLSI_d30_res02","IterativeLSI",30,0.2
"C3","TH2",544,"Clusters_IterativeLSI_d30_res02","IterativeLSI",30,0.2
"C4","TH2",1233,"Clusters_IterativeLSI_d30_res02","IterativeLSI",30,0.2
"C5","TH2",1598,"Clusters_IterativeLSI_d30_res02","IterativeLSI",30,0.2
"C6","TH2",2854,"Clusters_IterativeLSI_d30_res02","IterativeLSI",30,0.2
"C1","TH1",121,"Clusters_LSI_RNA_d30_res02","LSI_RNA",30,0.2
"C10","TH1",3162,"Clusters_LSI_RNA_d30_res02","LSI_RNA",30,0.2
"C11","TH1",3733,"Clusters_LSI_RNA_d30_res02","LSI_RNA",30,0.2
"C12","TH1",652,"Clusters_LSI_RNA_d30_res02","LSI_RNA",30,0.2
"C13","TH1",632,"Clusters_LSI_RNA_d30_res02","LSI_RNA",30,0.2
"C2","TH1",59,"Clusters_LSI_RNA_d30_res02","LSI_RNA",30,0.2
"C3","TH1",515,"Clusters_LSI_RNA_d30_res02","LSI_RNA",30,0.2
"C4","TH1",969,"Clusters_LSI_RNA_d30_res02","LSI_RNA",30,0.2
"C5","TH1",459,"Clusters_LSI_RNA_d30_res02","LSI_RNA",30,0.2
"C6","TH1",751,"Clusters_LSI_RNA_d30_res02","LSI_RNA",30,0.2
"C7","TH1",1589,"Clusters_LSI_RNA_d30_res02","LSI_RNA",30,0.2
"C8","TH1",848,"Clusters_LSI_RNA_d30_res02","LSI_RNA",30,0.2
"C9","TH1",257,"Clusters_LSI_RNA_d30_res02","LSI_RNA",30,0.2
"C1","TH2",76,"Clusters_LSI_RNA_d30_res02","LSI_RNA",30,0.2
"C10","TH2",3210,"Clusters_LSI_RNA_d30_res02","LSI_RNA",30,0.2
"C11","TH2",4227,"Clusters_LSI_RNA_d30_res02","LSI_RNA",30,0.2
"C12","TH2",505,"Clusters_LSI_RNA_d30_res02","LSI_RNA",30,0.2
"C13","TH2",1286,"Clusters_LSI_RNA_d30_res02","LSI_RNA",30,0.2
"C2","TH2",28,"Clusters_LSI_RNA_d30_res02","LSI_RNA",30,0.2
"C3","TH2",356,"Clusters_LSI_RNA_d30_res02","LSI_RNA",30,0.2
"C4","TH2",970,"Clusters_LSI_RNA_d30_res02","LSI_RNA",30,0.2
"C5","TH2",264,"Clusters_LSI_RNA_d30_res02","LSI_RNA",30,0.2
"C6","TH2",572,"Clusters_LSI_RNA_d30_res02","LSI_RNA",30,0.2
"C7","TH2",1802,"Clusters_LSI_RNA_d30_res02","LSI_RNA",30,0.2
"C8","TH2",593,"Clusters_LSI_RNA_d30_res02","LSI_RNA",30,0.2
"C9","TH2",331,"Clusters_LSI_RNA_d30_res02","LSI_RNA",30,0.2
"C1","TH1",138,"Clusters_LSI_Combined_d30_res02","LSI_Combined",30,0.2
"C2","TH1",7238,"Clusters_LSI_Combined_d30_res02","LSI_Combined",30,0.2
"C3","TH1",856,"Clusters_LSI_Combined_d30_res02","LSI_Combined",30,0.2
"C4","TH1",1243,"Clusters_LSI_Combined_d30_res02","LSI_Combined",30,0.2
"C5","TH1",1908,"Clusters_LSI_Combined_d30_res02","LSI_Combined",30,0.2
"C6","TH1",2364,"Clusters_LSI_Combined_d30_res02","LSI_Combined",30,0.2
"C1","TH2",226,"Clusters_LSI_Combined_d30_res02","LSI_Combined",30,0.2
"C2","TH2",7786,"Clusters_LSI_Combined_d30_res02","LSI_Combined",30,0.2
"C3","TH2",551,"Clusters_LSI_Combined_d30_res02","LSI_Combined",30,0.2
"C4","TH2",1247,"Clusters_LSI_Combined_d30_res02","LSI_Combined",30,0.2
"C5","TH2",1568,"Clusters_LSI_Combined_d30_res02","LSI_Combined",30,0.2
"C6","TH2",2842,"Clusters_LSI_Combined_d30_res02","LSI_Combined",30,0.2
"C1","TH1",142,"Clusters_IterativeLSI_d20_res04","IterativeLSI",20,0.4
"C2","TH1",7230,"Clusters_IterativeLSI_d20_res04","IterativeLSI",20,0.4
"C3","TH1",1173,"Clusters_IterativeLSI_d20_res04","IterativeLSI",20,0.4
"C4","TH1",741,"Clusters_IterativeLSI_d20_res04","IterativeLSI",20,0.4
"C5","TH1",1712,"Clusters_IterativeLSI_d20_res04","IterativeLSI",20,0.4
"C6","TH1",848,"Clusters_IterativeLSI_d20_res04","IterativeLSI",20,0.4
"C7","TH1",1901,"Clusters_IterativeLSI_d20_res04","IterativeLSI",20,0.4
"C1","TH2",190,"Clusters_IterativeLSI_d20_res04","IterativeLSI",20,0.4
"C2","TH2",7805,"Clusters_IterativeLSI_d20_res04","IterativeLSI",20,0.4
"C3","TH2",919,"Clusters_IterativeLSI_d20_res04","IterativeLSI",20,0.4
"C4","TH2",1299,"Clusters_IterativeLSI_d20_res04","IterativeLSI",20,0.4
"C5","TH2",1881,"Clusters_IterativeLSI_d20_res04","IterativeLSI",20,0.4
"C6","TH2",556,"Clusters_IterativeLSI_d20_res04","IterativeLSI",20,0.4
"C7","TH2",1570,"Clusters_IterativeLSI_d20_res04","IterativeLSI",20,0.4
"C1","TH1",121,"Clusters_LSI_RNA_d20_res04","LSI_RNA",20,0.4
"C10","TH1",2205,"Clusters_LSI_RNA_d20_res04","LSI_RNA",20,0.4
"C11","TH1",1666,"Clusters_LSI_RNA_d20_res04","LSI_RNA",20,0.4
"C12","TH1",3135,"Clusters_LSI_RNA_d20_res04","LSI_RNA",20,0.4
"C13","TH1",871,"Clusters_LSI_RNA_d20_res04","LSI_RNA",20,0.4
"C14","TH1",510,"Clusters_LSI_RNA_d20_res04","LSI_RNA",20,0.4
"C15","TH1",188,"Clusters_LSI_RNA_d20_res04","LSI_RNA",20,0.4
"C16","TH1",776,"Clusters_LSI_RNA_d20_res04","LSI_RNA",20,0.4
"C2","TH1",59,"Clusters_LSI_RNA_d20_res04","LSI_RNA",20,0.4
"C3","TH1",514,"Clusters_LSI_RNA_d20_res04","LSI_RNA",20,0.4
"C4","TH1",569,"Clusters_LSI_RNA_d20_res04","LSI_RNA",20,0.4
"C5","TH1",683,"Clusters_LSI_RNA_d20_res04","LSI_RNA",20,0.4
"C6","TH1",753,"Clusters_LSI_RNA_d20_res04","LSI_RNA",20,0.4
"C7","TH1",956,"Clusters_LSI_RNA_d20_res04","LSI_RNA",20,0.4
"C8","TH1",628,"Clusters_LSI_RNA_d20_res04","LSI_RNA",20,0.4
"C9","TH1",113,"Clusters_LSI_RNA_d20_res04","LSI_RNA",20,0.4
"C1","TH2",76,"Clusters_LSI_RNA_d20_res04","LSI_RNA",20,0.4
"C10","TH2",2131,"Clusters_LSI_RNA_d20_res04","LSI_RNA",20,0.4
"C11","TH2",2194,"Clusters_LSI_RNA_d20_res04","LSI_RNA",20,0.4
"C12","TH2",3210,"Clusters_LSI_RNA_d20_res04","LSI_RNA",20,0.4
"C13","TH2",588,"Clusters_LSI_RNA_d20_res04","LSI_RNA",20,0.4
"C14","TH2",1253,"Clusters_LSI_RNA_d20_res04","LSI_RNA",20,0.4
"C15","TH2",169,"Clusters_LSI_RNA_d20_res04","LSI_RNA",20,0.4
"C16","TH2",568,"Clusters_LSI_RNA_d20_res04","LSI_RNA",20,0.4
"C2","TH2",28,"Clusters_LSI_RNA_d20_res04","LSI_RNA",20,0.4
"C3","TH2",355,"Clusters_LSI_RNA_d20_res04","LSI_RNA",20,0.4
"C4","TH2",610,"Clusters_LSI_RNA_d20_res04","LSI_RNA",20,0.4
"C5","TH2",463,"Clusters_LSI_RNA_d20_res04","LSI_RNA",20,0.4
"C6","TH2",575,"Clusters_LSI_RNA_d20_res04","LSI_RNA",20,0.4
"C7","TH2",817,"Clusters_LSI_RNA_d20_res04","LSI_RNA",20,0.4
"C8","TH2",968,"Clusters_LSI_RNA_d20_res04","LSI_RNA",20,0.4
"C9","TH2",215,"Clusters_LSI_RNA_d20_res04","LSI_RNA",20,0.4
"C1","TH1",122,"Clusters_LSI_Combined_d20_res04","LSI_Combined",20,0.4
"C2","TH1",7252,"Clusters_LSI_Combined_d20_res04","LSI_Combined",20,0.4
"C3","TH1",1161,"Clusters_LSI_Combined_d20_res04","LSI_Combined",20,0.4
"C4","TH1",717,"Clusters_LSI_Combined_d20_res04","LSI_Combined",20,0.4
"C5","TH1",1739,"Clusters_LSI_Combined_d20_res04","LSI_Combined",20,0.4
"C6","TH1",859,"Clusters_LSI_Combined_d20_res04","LSI_Combined",20,0.4
"C7","TH1",1897,"Clusters_LSI_Combined_d20_res04","LSI_Combined",20,0.4
"C1","TH2",165,"Clusters_LSI_Combined_d20_res04","LSI_Combined",20,0.4
"C2","TH2",7828,"Clusters_LSI_Combined_d20_res04","LSI_Combined",20,0.4
"C3","TH2",903,"Clusters_LSI_Combined_d20_res04","LSI_Combined",20,0.4
"C4","TH2",1289,"Clusters_LSI_Combined_d20_res04","LSI_Combined",20,0.4
"C5","TH2",1900,"Clusters_LSI_Combined_d20_res04","LSI_Combined",20,0.4
"C6","TH2",565,"Clusters_LSI_Combined_d20_res04","LSI_Combined",20,0.4
"C7","TH2",1570,"Clusters_LSI_Combined_d20_res04","LSI_Combined",20,0.4
"C1","TH1",516,"Clusters_IterativeLSI_d30_res04","IterativeLSI",30,0.4
"C2","TH1",1400,"Clusters_IterativeLSI_d30_res04","IterativeLSI",30,0.4
"C3","TH1",1510,"Clusters_IterativeLSI_d30_res04","IterativeLSI",30,0.4
"C4","TH1",852,"Clusters_IterativeLSI_d30_res04","IterativeLSI",30,0.4
"C5","TH1",135,"Clusters_IterativeLSI_d30_res04","IterativeLSI",30,0.4
"C6","TH1",1484,"Clusters_IterativeLSI_d30_res04","IterativeLSI",30,0.4
"C7","TH1",5763,"Clusters_IterativeLSI_d30_res04","IterativeLSI",30,0.4
"C8","TH1",868,"Clusters_IterativeLSI_d30_res04","IterativeLSI",30,0.4
"C9","TH1",1219,"Clusters_IterativeLSI_d30_res04","IterativeLSI",30,0.4
"C1","TH2",391,"Clusters_IterativeLSI_d30_res04","IterativeLSI",30,0.4
"C2","TH2",1206,"Clusters_IterativeLSI_d30_res04","IterativeLSI",30,0.4
"C3","TH2",1552,"Clusters_IterativeLSI_d30_res04","IterativeLSI",30,0.4
"C4","TH2",1305,"Clusters_IterativeLSI_d30_res04","IterativeLSI",30,0.4
"C5","TH2",202,"Clusters_IterativeLSI_d30_res04","IterativeLSI",30,0.4
"C6","TH2",1742,"Clusters_IterativeLSI_d30_res04","IterativeLSI",30,0.4
"C7","TH2",6048,"Clusters_IterativeLSI_d30_res04","IterativeLSI",30,0.4
"C8","TH2",546,"Clusters_IterativeLSI_d30_res04","IterativeLSI",30,0.4
"C9","TH2",1228,"Clusters_IterativeLSI_d30_res04","IterativeLSI",30,0.4
"C1","TH1",121,"Clusters_LSI_RNA_d30_res04","LSI_RNA",30,0.4
"C10","TH1",794,"Clusters_LSI_RNA_d30_res04","LSI_RNA",30,0.4
"C11","TH1",835,"Clusters_LSI_RNA_d30_res04","LSI_RNA",30,0.4
"C12","TH1",483,"Clusters_LSI_RNA_d30_res04","LSI_RNA",30,0.4
"C13","TH1",3167,"Clusters_LSI_RNA_d30_res04","LSI_RNA",30,0.4
"C14","TH1",3342,"Clusters_LSI_RNA_d30_res04","LSI_RNA",30,0.4
"C15","TH1",479,"Clusters_LSI_RNA_d30_res04","LSI_RNA",30,0.4
"C16","TH1",186,"Clusters_LSI_RNA_d30_res04","LSI_RNA",30,0.4
"C2","TH1",59,"Clusters_LSI_RNA_d30_res04","LSI_RNA",30,0.4
"C3","TH1",515,"Clusters_LSI_RNA_d30_res04","LSI_RNA",30,0.4
"C4","TH1",968,"Clusters_LSI_RNA_d30_res04","LSI_RNA",30,0.4
"C5","TH1",277,"Clusters_LSI_RNA_d30_res04","LSI_RNA",30,0.4
"C6","TH1",182,"Clusters_LSI_RNA_d30_res04","LSI_RNA",30,0.4
"C7","TH1",751,"Clusters_LSI_RNA_d30_res04","LSI_RNA",30,0.4
"C8","TH1",962,"Clusters_LSI_RNA_d30_res04","LSI_RNA",30,0.4
"C9","TH1",626,"Clusters_LSI_RNA_d30_res04","LSI_RNA",30,0.4
"C1","TH2",76,"Clusters_LSI_RNA_d30_res04","LSI_RNA",30,0.4
"C10","TH2",574,"Clusters_LSI_RNA_d30_res04","LSI_RNA",30,0.4
"C11","TH2",574,"Clusters_LSI_RNA_d30_res04","LSI_RNA",30,0.4
"C12","TH2",1227,"Clusters_LSI_RNA_d30_res04","LSI_RNA",30,0.4
"C13","TH2",3199,"Clusters_LSI_RNA_d30_res04","LSI_RNA",30,0.4
"C14","TH2",3751,"Clusters_LSI_RNA_d30_res04","LSI_RNA",30,0.4
"C15","TH2",567,"Clusters_LSI_RNA_d30_res04","LSI_RNA",30,0.4
"C16","TH2",258,"Clusters_LSI_RNA_d30_res04","LSI_RNA",30,0.4
"C2","TH2",28,"Clusters_LSI_RNA_d30_res04","LSI_RNA",30,0.4
"C3","TH2",356,"Clusters_LSI_RNA_d30_res04","LSI_RNA",30,0.4
"C4","TH2",970,"Clusters_LSI_RNA_d30_res04","LSI_RNA",30,0.4
"C5","TH2",177,"Clusters_LSI_RNA_d30_res04","LSI_RNA",30,0.4
"C6","TH2",87,"Clusters_LSI_RNA_d30_res04","LSI_RNA",30,0.4
"C7","TH2",574,"Clusters_LSI_RNA_d30_res04","LSI_RNA",30,0.4
"C8","TH2",864,"Clusters_LSI_RNA_d30_res04","LSI_RNA",30,0.4
"C9","TH2",938,"Clusters_LSI_RNA_d30_res04","LSI_RNA",30,0.4
"C1","TH1",537,"Clusters_LSI_Combined_d30_res04","LSI_Combined",30,0.4
"C2","TH1",1375,"Clusters_LSI_Combined_d30_res04","LSI_Combined",30,0.4
"C3","TH1",914,"Clusters_LSI_Combined_d30_res04","LSI_Combined",30,0.4
"C4","TH1",1464,"Clusters_LSI_Combined_d30_res04","LSI_Combined",30,0.4
"C5","TH1",138,"Clusters_LSI_Combined_d30_res04","LSI_Combined",30,0.4
"C6","TH1",1594,"Clusters_LSI_Combined_d30_res04","LSI_Combined",30,0.4
"C7","TH1",5643,"Clusters_LSI_Combined_d30_res04","LSI_Combined",30,0.4
"C8","TH1",853,"Clusters_LSI_Combined_d30_res04","LSI_Combined",30,0.4
"C9","TH1",1229,"Clusters_LSI_Combined_d30_res04","LSI_Combined",30,0.4
"C1","TH2",369,"Clusters_LSI_Combined_d30_res04","LSI_Combined",30,0.4
"C2","TH2",1202,"Clusters_LSI_Combined_d30_res04","LSI_Combined",30,0.4
"C3","TH2",1407,"Clusters_LSI_Combined_d30_res04","LSI_Combined",30,0.4
"C4","TH2",1462,"Clusters_LSI_Combined_d30_res04","LSI_Combined",30,0.4
"C5","TH2",226,"Clusters_LSI_Combined_d30_res04","LSI_Combined",30,0.4
"C6","TH2",1807,"Clusters_LSI_Combined_d30_res04","LSI_Combined",30,0.4
"C7","TH2",5980,"Clusters_LSI_Combined_d30_res04","LSI_Combined",30,0.4
"C8","TH2",547,"Clusters_LSI_Combined_d30_res04","LSI_Combined",30,0.4
"C9","TH2",1220,"Clusters_LSI_Combined_d30_res04","LSI_Combined",30,0.4
"C1","TH1",130,"Clusters_IterativeLSI_d20_res08","IterativeLSI",20,0.8
"C10","TH1",1708,"Clusters_IterativeLSI_d20_res08","IterativeLSI",20,0.8
"C11","TH1",667,"Clusters_IterativeLSI_d20_res08","IterativeLSI",20,0.8
"C2","TH1",869,"Clusters_IterativeLSI_d20_res08","IterativeLSI",20,0.8
"C3","TH1",319,"Clusters_IterativeLSI_d20_res08","IterativeLSI",20,0.8
"C4","TH1",4736,"Clusters_IterativeLSI_d20_res08","IterativeLSI",20,0.8
"C5","TH1",1321,"Clusters_IterativeLSI_d20_res08","IterativeLSI",20,0.8
"C6","TH1",881,"Clusters_IterativeLSI_d20_res08","IterativeLSI",20,0.8
"C7","TH1",1237,"Clusters_IterativeLSI_d20_res08","IterativeLSI",20,0.8
"C8","TH1",662,"Clusters_IterativeLSI_d20_res08","IterativeLSI",20,0.8
"C9","TH1",1217,"Clusters_IterativeLSI_d20_res08","IterativeLSI",20,0.8
"C1","TH2",164,"Clusters_IterativeLSI_d20_res08","IterativeLSI",20,0.8
"C10","TH2",1875,"Clusters_IterativeLSI_d20_res08","IterativeLSI",20,0.8
"C11","TH2",1015,"Clusters_IterativeLSI_d20_res08","IterativeLSI",20,0.8
"C2","TH2",1444,"Clusters_IterativeLSI_d20_res08","IterativeLSI",20,0.8
"C3","TH2",1139,"Clusters_IterativeLSI_d20_res08","IterativeLSI",20,0.8
"C4","TH2",3686,"Clusters_IterativeLSI_d20_res08","IterativeLSI",20,0.8
"C5","TH2",1565,"Clusters_IterativeLSI_d20_res08","IterativeLSI",20,0.8
"C6","TH2",597,"Clusters_IterativeLSI_d20_res08","IterativeLSI",20,0.8
"C7","TH2",1198,"Clusters_IterativeLSI_d20_res08","IterativeLSI",20,0.8
"C8","TH2",562,"Clusters_IterativeLSI_d20_res08","IterativeLSI",20,0.8
"C9","TH2",975,"Clusters_IterativeLSI_d20_res08","IterativeLSI",20,0.8
"C1","TH1",121,"Clusters_LSI_RNA_d20_res08","LSI_RNA",20,0.8
"C10","TH1",628,"Clusters_LSI_RNA_d20_res08","LSI_RNA",20,0.8
"C11","TH1",849,"Clusters_LSI_RNA_d20_res08","LSI_RNA",20,0.8
"C12","TH1",443,"Clusters_LSI_RNA_d20_res08","LSI_RNA",20,0.8
"C13","TH1",794,"Clusters_LSI_RNA_d20_res08","LSI_RNA",20,0.8
"C14","TH1",76,"Clusters_LSI_RNA_d20_res08","LSI_RNA",20,0.8
"C15","TH1",481,"Clusters_LSI_RNA_d20_res08","LSI_RNA",20,0.8
"C16","TH1",1907,"Clusters_LSI_RNA_d20_res08","LSI_RNA",20,0.8
"C17","TH1",1323,"Clusters_LSI_RNA_d20_res08","LSI_RNA",20,0.8
"C18","TH1",1885,"Clusters_LSI_RNA_d20_res08","LSI_RNA",20,0.8
"C19","TH1",1530,"Clusters_LSI_RNA_d20_res08","LSI_RNA",20,0.8
"C2","TH1",59,"Clusters_LSI_RNA_d20_res08","LSI_RNA",20,0.8
"C3","TH1",514,"Clusters_LSI_RNA_d20_res08","LSI_RNA",20,0.8
"C4","TH1",534,"Clusters_LSI_RNA_d20_res08","LSI_RNA",20,0.8
"C5","TH1",162,"Clusters_LSI_RNA_d20_res08","LSI_RNA",20,0.8
"C6","TH1",189,"Clusters_LSI_RNA_d20_res08","LSI_RNA",20,0.8
"C7","TH1",544,"Clusters_LSI_RNA_d20_res08","LSI_RNA",20,0.8
"C8","TH1",756,"Clusters_LSI_RNA_d20_res08","LSI_RNA",20,0.8
"C9","TH1",952,"Clusters_LSI_RNA_d20_res08","LSI_RNA",20,0.8
"C1","TH2",76,"Clusters_LSI_RNA_d20_res08","LSI_RNA",20,0.8
"C10","TH2",968,"Clusters_LSI_RNA_d20_res08","LSI_RNA",20,0.8
"C11","TH2",588,"Clusters_LSI_RNA_d20_res08","LSI_RNA",20,0.8
"C12","TH2",1226,"Clusters_LSI_RNA_d20_res08","LSI_RNA",20,0.8
"C13","TH2",432,"Clusters_LSI_RNA_d20_res08","LSI_RNA",20,0.8
"C14","TH2",161,"Clusters_LSI_RNA_d20_res08","LSI_RNA",20,0.8
"C15","TH2",703,"Clusters_LSI_RNA_d20_res08","LSI_RNA",20,0.8
"C16","TH2",1946,"Clusters_LSI_RNA_d20_res08","LSI_RNA",20,0.8
"C17","TH2",1268,"Clusters_LSI_RNA_d20_res08","LSI_RNA",20,0.8
"C18","TH2",1818,"Clusters_LSI_RNA_d20_res08","LSI_RNA",20,0.8
"C19","TH2",2011,"Clusters_LSI_RNA_d20_res08","LSI_RNA",20,0.8
"C2","TH2",28,"Clusters_LSI_RNA_d20_res08","LSI_RNA",20,0.8
"C3","TH2",355,"Clusters_LSI_RNA_d20_res08","LSI_RNA",20,0.8
"C4","TH2",390,"Clusters_LSI_RNA_d20_res08","LSI_RNA",20,0.8
"C5","TH2",74,"Clusters_LSI_RNA_d20_res08","LSI_RNA",20,0.8
"C6","TH2",170,"Clusters_LSI_RNA_d20_res08","LSI_RNA",20,0.8
"C7","TH2",608,"Clusters_LSI_RNA_d20_res08","LSI_RNA",20,0.8
"C8","TH2",574,"Clusters_LSI_RNA_d20_res08","LSI_RNA",20,0.8
"C9","TH2",824,"Clusters_LSI_RNA_d20_res08","LSI_RNA",20,0.8
"C1","TH1",682,"Clusters_LSI_Combined_d20_res08","LSI_Combined",20,0.8
"C10","TH1",1161,"Clusters_LSI_Combined_d20_res08","LSI_Combined",20,0.8
"C2","TH1",1221,"Clusters_LSI_Combined_d20_res08","LSI_Combined",20,0.8
"C3","TH1",736,"Clusters_LSI_Combined_d20_res08","LSI_Combined",20,0.8
"C4","TH1",1719,"Clusters_LSI_Combined_d20_res08","LSI_Combined",20,0.8
"C5","TH1",141,"Clusters_LSI_Combined_d20_res08","LSI_Combined",20,0.8
"C6","TH1",488,"Clusters_LSI_Combined_d20_res08","LSI_Combined",20,0.8
"C7","TH1",5787,"Clusters_LSI_Combined_d20_res08","LSI_Combined",20,0.8
"C8","TH1",954,"Clusters_LSI_Combined_d20_res08","LSI_Combined",20,0.8
"C9","TH1",858,"Clusters_LSI_Combined_d20_res08","LSI_Combined",20,0.8
"C1","TH2",618,"Clusters_LSI_Combined_d20_res08","LSI_Combined",20,0.8
"C10","TH2",903,"Clusters_LSI_Combined_d20_res08","LSI_Combined",20,0.8
"C2","TH2",953,"Clusters_LSI_Combined_d20_res08","LSI_Combined",20,0.8
"C3","TH2",1306,"Clusters_LSI_Combined_d20_res08","LSI_Combined",20,0.8
"C4","TH2",1880,"Clusters_LSI_Combined_d20_res08","LSI_Combined",20,0.8
"C5","TH2",208,"Clusters_LSI_Combined_d20_res08","LSI_Combined",20,0.8
"C6","TH2",1310,"Clusters_LSI_Combined_d20_res08","LSI_Combined",20,0.8
"C7","TH2",3747,"Clusters_LSI_Combined_d20_res08","LSI_Combined",20,0.8
"C8","TH2",2731,"Clusters_LSI_Combined_d20_res08","LSI_Combined",20,0.8
"C9","TH2",564,"Clusters_LSI_Combined_d20_res08","LSI_Combined",20,0.8
"C1","TH1",524,"Clusters_IterativeLSI_d30_res08","IterativeLSI",30,0.8
"C10","TH1",876,"Clusters_IterativeLSI_d30_res08","IterativeLSI",30,0.8
"C11","TH1",1213,"Clusters_IterativeLSI_d30_res08","IterativeLSI",30,0.8
"C2","TH1",1388,"Clusters_IterativeLSI_d30_res08","IterativeLSI",30,0.8
"C3","TH1",1531,"Clusters_IterativeLSI_d30_res08","IterativeLSI",30,0.8
"C4","TH1",831,"Clusters_IterativeLSI_d30_res08","IterativeLSI",30,0.8
"C5","TH1",134,"Clusters_IterativeLSI_d30_res08","IterativeLSI",30,0.8
"C6","TH1",831,"Clusters_IterativeLSI_d30_res08","IterativeLSI",30,0.8
"C7","TH1",4522,"Clusters_IterativeLSI_d30_res08","IterativeLSI",30,0.8
"C8","TH1",1553,"Clusters_IterativeLSI_d30_res08","IterativeLSI",30,0.8
"C9","TH1",344,"Clusters_IterativeLSI_d30_res08","IterativeLSI",30,0.8
"C1","TH2",394,"Clusters_IterativeLSI_d30_res08","IterativeLSI",30,0.8
"C10","TH2",556,"Clusters_IterativeLSI_d30_res08","IterativeLSI",30,0.8
"C11","TH2",1227,"Clusters_IterativeLSI_d30_res08","IterativeLSI",30,0.8
"C2","TH2",1197,"Clusters_IterativeLSI_d30_res08","IterativeLSI",30,0.8
"C3","TH2",1565,"Clusters_IterativeLSI_d30_res08","IterativeLSI",30,0.8
"C4","TH2",1287,"Clusters_IterativeLSI_d30_res08","IterativeLSI",30,0.8
"C5","TH2",202,"Clusters_IterativeLSI_d30_res08","IterativeLSI",30,0.8
"C6","TH2",1421,"Clusters_IterativeLSI_d30_res08","IterativeLSI",30,0.8
"C7","TH2",3176,"Clusters_IterativeLSI_d30_res08","IterativeLSI",30,0.8
"C8","TH2",1835,"Clusters_IterativeLSI_d30_res08","IterativeLSI",30,0.8
"C9","TH2",1360,"Clusters_IterativeLSI_d30_res08","IterativeLSI",30,0.8
"C1","TH1",154,"Clusters_LSI_RNA_d30_res08","LSI_RNA",30,0.8
"C10","TH1",277,"Clusters_LSI_RNA_d30_res08","LSI_RNA",30,0.8
"C11","TH1",748,"Clusters_LSI_RNA_d30_res08","LSI_RNA",30,0.8
"C12","TH1",928,"Clusters_LSI_RNA_d30_res08","LSI_RNA",30,0.8
"C13","TH1",629,"Clusters_LSI_RNA_d30_res08","LSI_RNA",30,0.8
"C14","TH1",109,"Clusters_LSI_RNA_d30_res08","LSI_RNA",30,0.8
"C15","TH1",210,"Clusters_LSI_RNA_d30_res08","LSI_RNA",30,0.8
"C16","TH1",444,"Clusters_LSI_RNA_d30_res08","LSI_RNA",30,0.8
"C17","TH1",754,"Clusters_LSI_RNA_d30_res08","LSI_RNA",30,0.8
"C18","TH1",115,"Clusters_LSI_RNA_d30_res08","LSI_RNA",30,0.8
"C19","TH1",2009,"Clusters_LSI_RNA_d30_res08","LSI_RNA",30,0.8
"C2","TH1",627,"Clusters_LSI_RNA_d30_res08","LSI_RNA",30,0.8
"C20","TH1",1002,"Clusters_LSI_RNA_d30_res08","LSI_RNA",30,0.8
"C21","TH1",1633,"Clusters_LSI_RNA_d30_res08","LSI_RNA",30,0.8
"C22","TH1",1740,"Clusters_LSI_RNA_d30_res08","LSI_RNA",30,0.8
"C23","TH1",265,"Clusters_LSI_RNA_d30_res08","LSI_RNA",30,0.8
"C24","TH1",392,"Clusters_LSI_RNA_d30_res08","LSI_RNA",30,0.8
"C3","TH1",59,"Clusters_LSI_RNA_d30_res08","LSI_RNA",30,0.8
"C4","TH1",121,"Clusters_LSI_RNA_d30_res08","LSI_RNA",30,0.8
"C5","TH1",515,"Clusters_LSI_RNA_d30_res08","LSI_RNA",30,0.8
"C6","TH1",195,"Clusters_LSI_RNA_d30_res08","LSI_RNA",30,0.8
"C7","TH1",364,"Clusters_LSI_RNA_d30_res08","LSI_RNA",30,0.8
"C8","TH1",183,"Clusters_LSI_RNA_d30_res08","LSI_RNA",30,0.8
"C9","TH1",274,"Clusters_LSI_RNA_d30_res08","LSI_RNA",30,0.8
"C1","TH2",127,"Clusters_LSI_RNA_d30_res08","LSI_RNA",30,0.8
"C10","TH2",176,"Clusters_LSI_RNA_d30_res08","LSI_RNA",30,0.8
"C11","TH2",561,"Clusters_LSI_RNA_d30_res08","LSI_RNA",30,0.8
"C12","TH2",769,"Clusters_LSI_RNA_d30_res08","LSI_RNA",30,0.8
"C13","TH2",985,"Clusters_LSI_RNA_d30_res08","LSI_RNA",30,0.8
"C14","TH2",200,"Clusters_LSI_RNA_d30_res08","LSI_RNA",30,0.8
"C15","TH2",1065,"Clusters_LSI_RNA_d30_res08","LSI_RNA",30,0.8
"C16","TH2",266,"Clusters_LSI_RNA_d30_res08","LSI_RNA",30,0.8
"C17","TH2",405,"Clusters_LSI_RNA_d30_res08","LSI_RNA",30,0.8
"C18","TH2",226,"Clusters_LSI_RNA_d30_res08","LSI_RNA",30,0.8
"C19","TH2",2092,"Clusters_LSI_RNA_d30_res08","LSI_RNA",30,0.8
"C2","TH2",465,"Clusters_LSI_RNA_d30_res08","LSI_RNA",30,0.8
"C20","TH2",999,"Clusters_LSI_RNA_d30_res08","LSI_RNA",30,0.8
"C21","TH2",1589,"Clusters_LSI_RNA_d30_res08","LSI_RNA",30,0.8
"C22","TH2",2116,"Clusters_LSI_RNA_d30_res08","LSI_RNA",30,0.8
"C23","TH2",307,"Clusters_LSI_RNA_d30_res08","LSI_RNA",30,0.8
"C24","TH2",469,"Clusters_LSI_RNA_d30_res08","LSI_RNA",30,0.8
"C3","TH2",28,"Clusters_LSI_RNA_d30_res08","LSI_RNA",30,0.8
"C4","TH2",76,"Clusters_LSI_RNA_d30_res08","LSI_RNA",30,0.8
"C5","TH2",356,"Clusters_LSI_RNA_d30_res08","LSI_RNA",30,0.8
"C6","TH2",284,"Clusters_LSI_RNA_d30_res08","LSI_RNA",30,0.8
"C7","TH2",334,"Clusters_LSI_RNA_d30_res08","LSI_RNA",30,0.8
"C8","TH2",87,"Clusters_LSI_RNA_d30_res08","LSI_RNA",30,0.8
"C9","TH2",238,"Clusters_LSI_RNA_d30_res08","LSI_RNA",30,0.8
"C1","TH1",538,"Clusters_LSI_Combined_d30_res08","LSI_Combined",30,0.8
"C10","TH1",1148,"Clusters_LSI_Combined_d30_res08","LSI_Combined",30,0.8
"C2","TH1",1360,"Clusters_LSI_Combined_d30_res08","LSI_Combined",30,0.8
"C3","TH1",724,"Clusters_LSI_Combined_d30_res08","LSI_Combined",30,0.8
"C4","TH1",1738,"Clusters_LSI_Combined_d30_res08","LSI_Combined",30,0.8
"C5","TH1",138,"Clusters_LSI_Combined_d30_res08","LSI_Combined",30,0.8
"C6","TH1",811,"Clusters_LSI_Combined_d30_res08","LSI_Combined",30,0.8
"C7","TH1",1572,"Clusters_LSI_Combined_d30_res08","LSI_Combined",30,0.8
"C8","TH1",4853,"Clusters_LSI_Combined_d30_res08","LSI_Combined",30,0.8
"C9","TH1",865,"Clusters_LSI_Combined_d30_res08","LSI_Combined",30,0.8
"C1","TH2",370,"Clusters_LSI_Combined_d30_res08","LSI_Combined",30,0.8
"C10","TH2",899,"Clusters_LSI_Combined_d30_res08","LSI_Combined",30,0.8
"C2","TH2",1191,"Clusters_LSI_Combined_d30_res08","LSI_Combined",30,0.8
"C3","TH2",1281,"Clusters_LSI_Combined_d30_res08","LSI_Combined",30,0.8
"C4","TH2",1911,"Clusters_LSI_Combined_d30_res08","LSI_Combined",30,0.8
"C5","TH2",226,"Clusters_LSI_Combined_d30_res08","LSI_Combined",30,0.8
"C6","TH2",1350,"Clusters_LSI_Combined_d30_res08","LSI_Combined",30,0.8
"C7","TH2",1767,"Clusters_LSI_Combined_d30_res08","LSI_Combined",30,0.8
"C8","TH2",4670,"Clusters_LSI_Combined_d30_res08","LSI_Combined",30,0.8
"C9","TH2",555,"Clusters_LSI_Combined_d30_res08","LSI_Combined",30,0.8
"C1","TH1",860,"Clusters_IterativeLSI_d20_res12","IterativeLSI",20,1.2
"C10","TH1",597,"Clusters_IterativeLSI_d20_res12","IterativeLSI",20,1.2
"C11","TH1",375,"Clusters_IterativeLSI_d20_res12","IterativeLSI",20,1.2
"C12","TH1",874,"Clusters_IterativeLSI_d20_res12","IterativeLSI",20,1.2
"C13","TH1",2550,"Clusters_IterativeLSI_d20_res12","IterativeLSI",20,1.2
"C14","TH1",2853,"Clusters_IterativeLSI_d20_res12","IterativeLSI",20,1.2
"C2","TH1",1159,"Clusters_IterativeLSI_d20_res12","IterativeLSI",20,1.2
"C3","TH1",724,"Clusters_IterativeLSI_d20_res12","IterativeLSI",20,1.2
"C4","TH1",1016,"Clusters_IterativeLSI_d20_res12","IterativeLSI",20,1.2
"C5","TH1",712,"Clusters_IterativeLSI_d20_res12","IterativeLSI",20,1.2
"C6","TH1",602,"Clusters_IterativeLSI_d20_res12","IterativeLSI",20,1.2
"C7","TH1",1221,"Clusters_IterativeLSI_d20_res12","IterativeLSI",20,1.2
"C8","TH1",76,"Clusters_IterativeLSI_d20_res12","IterativeLSI",20,1.2
"C9","TH1",128,"Clusters_IterativeLSI_d20_res12","IterativeLSI",20,1.2
"C1","TH2",562,"Clusters_IterativeLSI_d20_res12","IterativeLSI",20,1.2
"C10","TH2",1312,"Clusters_IterativeLSI_d20_res12","IterativeLSI",20,1.2
"C11","TH2",1323,"Clusters_IterativeLSI_d20_res12","IterativeLSI",20,1.2
"C12","TH2",1610,"Clusters_IterativeLSI_d20_res12","IterativeLSI",20,1.2
"C13","TH2",1178,"Clusters_IterativeLSI_d20_res12","IterativeLSI",20,1.2
"C14","TH2",2416,"Clusters_IterativeLSI_d20_res12","IterativeLSI",20,1.2
"C2","TH2",912,"Clusters_IterativeLSI_d20_res12","IterativeLSI",20,1.2
"C3","TH2",1273,"Clusters_IterativeLSI_d20_res12","IterativeLSI",20,1.2
"C4","TH2",456,"Clusters_IterativeLSI_d20_res12","IterativeLSI",20,1.2
"C5","TH2",1448,"Clusters_IterativeLSI_d20_res12","IterativeLSI",20,1.2
"C6","TH2",404,"Clusters_IterativeLSI_d20_res12","IterativeLSI",20,1.2
"C7","TH2",980,"Clusters_IterativeLSI_d20_res12","IterativeLSI",20,1.2
"C8","TH2",186,"Clusters_IterativeLSI_d20_res12","IterativeLSI",20,1.2
"C9","TH2",160,"Clusters_IterativeLSI_d20_res12","IterativeLSI",20,1.2
"C1","TH1",433,"Clusters_LSI_RNA_d20_res12","LSI_RNA",20,1.2
"C10","TH1",567,"Clusters_LSI_RNA_d20_res12","LSI_RNA",20,1.2
"C11","TH1",100,"Clusters_LSI_RNA_d20_res12","LSI_RNA",20,1.2
"C12","TH1",738,"Clusters_LSI_RNA_d20_res12","LSI_RNA",20,1.2
"C13","TH1",748,"Clusters_LSI_RNA_d20_res12","LSI_RNA",20,1.2
"C14","TH1",636,"Clusters_LSI_RNA_d20_res12","LSI_RNA",20,1.2
"C15","TH1",636,"Clusters_LSI_RNA_d20_res12","LSI_RNA",20,1.2
"C16","TH1",49,"Clusters_LSI_RNA_d20_res12","LSI_RNA",20,1.2
"C17","TH1",386,"Clusters_LSI_RNA_d20_res12","LSI_RNA",20,1.2
"C18","TH1",205,"Clusters_LSI_RNA_d20_res12","LSI_RNA",20,1.2
"C19","TH1",1924,"Clusters_LSI_RNA_d20_res12","LSI_RNA",20,1.2
"C2","TH1",344,"Clusters_LSI_RNA_d20_res12","LSI_RNA",20,1.2
"C20","TH1",1555,"Clusters_LSI_RNA_d20_res12","LSI_RNA",20,1.2
"C21","TH1",807,"Clusters_LSI_RNA_d20_res12","LSI_RNA",20,1.2
"C22","TH1",1051,"Clusters_LSI_RNA_d20_res12","LSI_RNA",20,1.2
"C23","TH1",1783,"Clusters_LSI_RNA_d20_res12","LSI_RNA",20,1.2
"C24","TH1",218,"Clusters_LSI_RNA_d20_res12","LSI_RNA",20,1.2
"C3","TH1",121,"Clusters_LSI_RNA_d20_res12","LSI_RNA",20,1.2
"C4","TH1",59,"Clusters_LSI_RNA_d20_res12","LSI_RNA",20,1.2
"C5","TH1",515,"Clusters_LSI_RNA_d20_res12","LSI_RNA",20,1.2
"C6","TH1",162,"Clusters_LSI_RNA_d20_res12","LSI_RNA",20,1.2
"C7","TH1",282,"Clusters_LSI_RNA_d20_res12","LSI_RNA",20,1.2
"C8","TH1",238,"Clusters_LSI_RNA_d20_res12","LSI_RNA",20,1.2
"C9","TH1",190,"Clusters_LSI_RNA_d20_res12","LSI_RNA",20,1.2
"C1","TH2",328,"Clusters_LSI_RNA_d20_res12","LSI_RNA",20,1.2
"C10","TH2",610,"Clusters_LSI_RNA_d20_res12","LSI_RNA",20,1.2
"C11","TH2",202,"Clusters_LSI_RNA_d20_res12","LSI_RNA",20,1.2
"C12","TH2",767,"Clusters_LSI_RNA_d20_res12","LSI_RNA",20,1.2
"C13","TH2",567,"Clusters_LSI_RNA_d20_res12","LSI_RNA",20,1.2
"C14","TH2",969,"Clusters_LSI_RNA_d20_res12","LSI_RNA",20,1.2
"C15","TH2",182,"Clusters_LSI_RNA_d20_res12","LSI_RNA",20,1.2
"C16","TH2",1077,"Clusters_LSI_RNA_d20_res12","LSI_RNA",20,1.2
"C17","TH2",536,"Clusters_LSI_RNA_d20_res12","LSI_RNA",20,1.2
"C18","TH2",295,"Clusters_LSI_RNA_d20_res12","LSI_RNA",20,1.2
"C19","TH2",1829,"Clusters_LSI_RNA_d20_res12","LSI_RNA",20,1.2
"C2","TH2",241,"Clusters_LSI_RNA_d20_res12","LSI_RNA",20,1.2
"C20","TH2",2011,"Clusters_LSI_RNA_d20_res12","LSI_RNA",20,1.2
"C21","TH2",439,"Clusters_LSI_RNA_d20_res12","LSI_RNA",20,1.2
"C22","TH2",1067,"Clusters_LSI_RNA_d20_res12","LSI_RNA",20,1.2
"C23","TH2",1717,"Clusters_LSI_RNA_d20_res12","LSI_RNA",20,1.2
"C24","TH2",292,"Clusters_LSI_RNA_d20_res12","LSI_RNA",20,1.2
"C3","TH2",76,"Clusters_LSI_RNA_d20_res12","LSI_RNA",20,1.2
"C4","TH2",28,"Clusters_LSI_RNA_d20_res12","LSI_RNA",20,1.2
"C5","TH2",355,"Clusters_LSI_RNA_d20_res12","LSI_RNA",20,1.2
"C6","TH2",74,"Clusters_LSI_RNA_d20_res12","LSI_RNA",20,1.2
"C7","TH2",229,"Clusters_LSI_RNA_d20_res12","LSI_RNA",20,1.2
"C8","TH2",159,"Clusters_LSI_RNA_d20_res12","LSI_RNA",20,1.2
"C9","TH2",170,"Clusters_LSI_RNA_d20_res12","LSI_RNA",20,1.2
"C1","TH1",137,"Clusters_LSI_Combined_d20_res12","LSI_Combined",20,1.2
"C10","TH1",871,"Clusters_LSI_Combined_d20_res12","LSI_Combined",20,1.2
"C11","TH1",2648,"Clusters_LSI_Combined_d20_res12","LSI_Combined",20,1.2
"C12","TH1",1912,"Clusters_LSI_Combined_d20_res12","LSI_Combined",20,1.2
"C13","TH1",1157,"Clusters_LSI_Combined_d20_res12","LSI_Combined",20,1.2
"C14","TH1",718,"Clusters_LSI_Combined_d20_res12","LSI_Combined",20,1.2
"C2","TH1",733,"Clusters_LSI_Combined_d20_res12","LSI_Combined",20,1.2
"C3","TH1",1004,"Clusters_LSI_Combined_d20_res12","LSI_Combined",20,1.2
"C4","TH1",977,"Clusters_LSI_Combined_d20_res12","LSI_Combined",20,1.2
"C5","TH1",605,"Clusters_LSI_Combined_d20_res12","LSI_Combined",20,1.2
"C6","TH1",1091,"Clusters_LSI_Combined_d20_res12","LSI_Combined",20,1.2
"C7","TH1",87,"Clusters_LSI_Combined_d20_res12","LSI_Combined",20,1.2
"C8","TH1",1474,"Clusters_LSI_Combined_d20_res12","LSI_Combined",20,1.2
"C9","TH1",333,"Clusters_LSI_Combined_d20_res12","LSI_Combined",20,1.2
"C1","TH2",193,"Clusters_LSI_Combined_d20_res12","LSI_Combined",20,1.2
"C10","TH2",1376,"Clusters_LSI_Combined_d20_res12","LSI_Combined",20,1.2
"C11","TH2",1133,"Clusters_LSI_Combined_d20_res12","LSI_Combined",20,1.2
"C12","TH2",2417,"Clusters_LSI_Combined_d20_res12","LSI_Combined",20,1.2
"C13","TH2",897,"Clusters_LSI_Combined_d20_res12","LSI_Combined",20,1.2
"C14","TH2",1278,"Clusters_LSI_Combined_d20_res12","LSI_Combined",20,1.2
"C2","TH2",1473,"Clusters_LSI_Combined_d20_res12","LSI_Combined",20,1.2
"C3","TH2",436,"Clusters_LSI_Combined_d20_res12","LSI_Combined",20,1.2
"C4","TH2",661,"Clusters_LSI_Combined_d20_res12","LSI_Combined",20,1.2
"C5","TH2",436,"Clusters_LSI_Combined_d20_res12","LSI_Combined",20,1.2
"C6","TH2",846,"Clusters_LSI_Combined_d20_res12","LSI_Combined",20,1.2
"C7","TH2",194,"Clusters_LSI_Combined_d20_res12","LSI_Combined",20,1.2
"C8","TH2",1552,"Clusters_LSI_Combined_d20_res12","LSI_Combined",20,1.2
"C9","TH2",1328,"Clusters_LSI_Combined_d20_res12","LSI_Combined",20,1.2
"C1","TH1",137,"Clusters_IterativeLSI_d30_res12","IterativeLSI",30,1.2
"C10","TH1",60,"Clusters_IterativeLSI_d30_res12","IterativeLSI",30,1.2
"C11","TH1",637,"Clusters_IterativeLSI_d30_res12","IterativeLSI",30,1.2
"C12","TH1",1408,"Clusters_IterativeLSI_d30_res12","IterativeLSI",30,1.2
"C13","TH1",905,"Clusters_IterativeLSI_d30_res12","IterativeLSI",30,1.2
"C14","TH1",1098,"Clusters_IterativeLSI_d30_res12","IterativeLSI",30,1.2
"C15","TH1",377,"Clusters_IterativeLSI_d30_res12","IterativeLSI",30,1.2
"C2","TH1",470,"Clusters_IterativeLSI_d30_res12","IterativeLSI",30,1.2
"C3","TH1",444,"Clusters_IterativeLSI_d30_res12","IterativeLSI",30,1.2
"C4","TH1",744,"Clusters_IterativeLSI_d30_res12","IterativeLSI",30,1.2
"C5","TH1",2990,"Clusters_IterativeLSI_d30_res12","IterativeLSI",30,1.2
"C6","TH1",2603,"Clusters_IterativeLSI_d30_res12","IterativeLSI",30,1.2
"C7","TH1",513,"Clusters_IterativeLSI_d30_res12","IterativeLSI",30,1.2
"C8","TH1",1227,"Clusters_IterativeLSI_d30_res12","IterativeLSI",30,1.2
"C9","TH1",134,"Clusters_IterativeLSI_d30_res12","IterativeLSI",30,1.2
"C1","TH2",221,"Clusters_IterativeLSI_d30_res12","IterativeLSI",30,1.2
"C10","TH2",113,"Clusters_IterativeLSI_d30_res12","IterativeLSI",30,1.2
"C11","TH2",837,"Clusters_IterativeLSI_d30_res12","IterativeLSI",30,1.2
"C12","TH2",1378,"Clusters_IterativeLSI_d30_res12","IterativeLSI",30,1.2
"C13","TH2",585,"Clusters_IterativeLSI_d30_res12","IterativeLSI",30,1.2
"C14","TH2",874,"Clusters_IterativeLSI_d30_res12","IterativeLSI",30,1.2
"C15","TH2",880,"Clusters_IterativeLSI_d30_res12","IterativeLSI",30,1.2
"C2","TH2",1393,"Clusters_IterativeLSI_d30_res12","IterativeLSI",30,1.2
"C3","TH2",1675,"Clusters_IterativeLSI_d30_res12","IterativeLSI",30,1.2
"C4","TH2",1380,"Clusters_IterativeLSI_d30_res12","IterativeLSI",30,1.2
"C5","TH2",1122,"Clusters_IterativeLSI_d30_res12","IterativeLSI",30,1.2
"C6","TH2",2222,"Clusters_IterativeLSI_d30_res12","IterativeLSI",30,1.2
"C7","TH2",375,"Clusters_IterativeLSI_d30_res12","IterativeLSI",30,1.2
"C8","TH2",791,"Clusters_IterativeLSI_d30_res12","IterativeLSI",30,1.2
"C9","TH2",374,"Clusters_IterativeLSI_d30_res12","IterativeLSI",30,1.2
"C1","TH1",526,"Clusters_LSI_RNA_d30_res12","LSI_RNA",30,1.2
"C10","TH1",138,"Clusters_LSI_RNA_d30_res12","LSI_RNA",30,1.2
"C11","TH1",752,"Clusters_LSI_RNA_d30_res12","LSI_RNA",30,1.2
"C12","TH1",686,"Clusters_LSI_RNA_d30_res12","LSI_RNA",30,1.2
"C13","TH1",625,"Clusters_LSI_RNA_d30_res12","LSI_RNA",30,1.2
"C14","TH1",290,"Clusters_LSI_RNA_d30_res12","LSI_RNA",30,1.2
"C15","TH1",91,"Clusters_LSI_RNA_d30_res12","LSI_RNA",30,1.2
"C16","TH1",482,"Clusters_LSI_RNA_d30_res12","LSI_RNA",30,1.2
"C17","TH1",2650,"Clusters_LSI_RNA_d30_res12","LSI_RNA",30,1.2
"C18","TH1",1298,"Clusters_LSI_RNA_d30_res12","LSI_RNA",30,1.2
"C19","TH1",2348,"Clusters_LSI_RNA_d30_res12","LSI_RNA",30,1.2
"C2","TH1",121,"Clusters_LSI_RNA_d30_res12","LSI_RNA",30,1.2
"C20","TH1",461,"Clusters_LSI_RNA_d30_res12","LSI_RNA",30,1.2
"C21","TH1",542,"Clusters_LSI_RNA_d30_res12","LSI_RNA",30,1.2
"C22","TH1",567,"Clusters_LSI_RNA_d30_res12","LSI_RNA",30,1.2
"C23","TH1",188,"Clusters_LSI_RNA_d30_res12","LSI_RNA",30,1.2
"C24","TH1",118,"Clusters_LSI_RNA_d30_res12","LSI_RNA",30,1.2
"C25","TH1",161,"Clusters_LSI_RNA_d30_res12","LSI_RNA",30,1.2
"C3","TH1",195,"Clusters_LSI_RNA_d30_res12","LSI_RNA",30,1.2
"C4","TH1",348,"Clusters_LSI_RNA_d30_res12","LSI_RNA",30,1.2
"C5","TH1",183,"Clusters_LSI_RNA_d30_res12","LSI_RNA",30,1.2
"C6","TH1",274,"Clusters_LSI_RNA_d30_res12","LSI_RNA",30,1.2
"C7","TH1",267,"Clusters_LSI_RNA_d30_res12","LSI_RNA",30,1.2
"C8","TH1",59,"Clusters_LSI_RNA_d30_res12","LSI_RNA",30,1.2
"C9","TH1",377,"Clusters_LSI_RNA_d30_res12","LSI_RNA",30,1.2
"C1","TH2",462,"Clusters_LSI_RNA_d30_res12","LSI_RNA",30,1.2
"C10","TH2",89,"Clusters_LSI_RNA_d30_res12","LSI_RNA",30,1.2
"C11","TH2",573,"Clusters_LSI_RNA_d30_res12","LSI_RNA",30,1.2
"C12","TH2",808,"Clusters_LSI_RNA_d30_res12","LSI_RNA",30,1.2
"C13","TH2",938,"Clusters_LSI_RNA_d30_res12","LSI_RNA",30,1.2
"C14","TH2",404,"Clusters_LSI_RNA_d30_res12","LSI_RNA",30,1.2
"C15","TH2",101,"Clusters_LSI_RNA_d30_res12","LSI_RNA",30,1.2
"C16","TH2",539,"Clusters_LSI_RNA_d30_res12","LSI_RNA",30,1.2
"C17","TH2",2789,"Clusters_LSI_RNA_d30_res12","LSI_RNA",30,1.2
"C18","TH2",1400,"Clusters_LSI_RNA_d30_res12","LSI_RNA",30,1.2
"C19","TH2",2535,"Clusters_LSI_RNA_d30_res12","LSI_RNA",30,1.2
"C2","TH2",76,"Clusters_LSI_RNA_d30_res12","LSI_RNA",30,1.2
"C20","TH2",1069,"Clusters_LSI_RNA_d30_res12","LSI_RNA",30,1.2
"C21","TH2",275,"Clusters_LSI_RNA_d30_res12","LSI_RNA",30,1.2
"C22","TH2",332,"Clusters_LSI_RNA_d30_res12","LSI_RNA",30,1.2
"C23","TH2",71,"Clusters_LSI_RNA_d30_res12","LSI_RNA",30,1.2
"C24","TH2",229,"Clusters_LSI_RNA_d30_res12","LSI_RNA",30,1.2
"C25","TH2",135,"Clusters_LSI_RNA_d30_res12","LSI_RNA",30,1.2
"C3","TH2",284,"Clusters_LSI_RNA_d30_res12","LSI_RNA",30,1.2
"C4","TH2",325,"Clusters_LSI_RNA_d30_res12","LSI_RNA",30,1.2
"C5","TH2",87,"Clusters_LSI_RNA_d30_res12","LSI_RNA",30,1.2
"C6","TH2",238,"Clusters_LSI_RNA_d30_res12","LSI_RNA",30,1.2
"C7","TH2",166,"Clusters_LSI_RNA_d30_res12","LSI_RNA",30,1.2
"C8","TH2",28,"Clusters_LSI_RNA_d30_res12","LSI_RNA",30,1.2
"C9","TH2",267,"Clusters_LSI_RNA_d30_res12","LSI_RNA",30,1.2
"C1","TH1",1139,"Clusters_LSI_Combined_d30_res12","LSI_Combined",30,1.2
"C10","TH1",4512,"Clusters_LSI_Combined_d30_res12","LSI_Combined",30,1.2
"C11","TH1",1587,"Clusters_LSI_Combined_d30_res12","LSI_Combined",30,1.2
"C12","TH1",374,"Clusters_LSI_Combined_d30_res12","LSI_Combined",30,1.2
"C2","TH1",703,"Clusters_LSI_Combined_d30_res12","LSI_Combined",30,1.2
"C3","TH1",401,"Clusters_LSI_Combined_d30_res12","LSI_Combined",30,1.2
"C4","TH1",1362,"Clusters_LSI_Combined_d30_res12","LSI_Combined",30,1.2
"C5","TH1",854,"Clusters_LSI_Combined_d30_res12","LSI_Combined",30,1.2
"C6","TH1",669,"Clusters_LSI_Combined_d30_res12","LSI_Combined",30,1.2
"C7","TH1",1241,"Clusters_LSI_Combined_d30_res12","LSI_Combined",30,1.2
"C8","TH1",138,"Clusters_LSI_Combined_d30_res12","LSI_Combined",30,1.2
"C9","TH1",767,"Clusters_LSI_Combined_d30_res12","LSI_Combined",30,1.2
"C1","TH2",896,"Clusters_LSI_Combined_d30_res12","LSI_Combined",30,1.2
"C10","TH2",3234,"Clusters_LSI_Combined_d30_res12","LSI_Combined",30,1.2
"C11","TH2",1837,"Clusters_LSI_Combined_d30_res12","LSI_Combined",30,1.2
"C12","TH2",1269,"Clusters_LSI_Combined_d30_res12","LSI_Combined",30,1.2
"C2","TH2",1252,"Clusters_LSI_Combined_d30_res12","LSI_Combined",30,1.2
"C3","TH2",639,"Clusters_LSI_Combined_d30_res12","LSI_Combined",30,1.2
"C4","TH2",1301,"Clusters_LSI_Combined_d30_res12","LSI_Combined",30,1.2
"C5","TH2",550,"Clusters_LSI_Combined_d30_res12","LSI_Combined",30,1.2
"C6","TH2",565,"Clusters_LSI_Combined_d30_res12","LSI_Combined",30,1.2
"C7","TH2",1003,"Clusters_LSI_Combined_d30_res12","LSI_Combined",30,1.2
"C8","TH2",227,"Clusters_LSI_Combined_d30_res12","LSI_Combined",30,1.2
"C9","TH2",1447,"Clusters_LSI_Combined_d30_res12","LSI_Combined",30,1.2
